id	Customer Id	First Name	Last Name	Company	City	Country	Phone 1	Phone  2	Email	Subscription Date	Website
1	EB54EF1154C3A78	Heather	Callahan	Mosley-David	Lake Jeffborough	Norway	043-797-5229	915.112.1727	urangel@espinoza-francis.net	26-08-2020	http://www.escobar.org/
2	10dAcafEBbA5FcA	Kristina	Ferrell	"Horn, Shepard and Watson"	Aaronville	Andorra	932-062-1802	(209)172-7124x3651	xreese@hall-donovan.com	27-04-2020	https://tyler-pugh.info/
3	67DAB15Ebe4BE4a	Briana	Andersen	Irwin-Oneal	East Jordan	Nepal	8352752061	(567)135-1918	haleybraun@blevins-sexton.com	22-03-2022	https://www.mack-bell.net/
4	6d350C5E5eDB4EE	Patty	Ponce	Richardson Group	East Kristintown	Northern Mariana Islands	302.398.3833	196-189-7767x770	hohailey@anthony.com	02-07-2020	https://delacruz-freeman.org/
5	5820deAdCF23EFe	Kathleen	Mccormick	Carson-Burch	Andresmouth	Macao	001-184-153-9683x1497	552.051.2979x342	alvaradojesse@rangel-shields.com	17-01-2021	https://welch.info/
6	E1CDEaC63fDd5aA	Trevor	Lee	Maddox Group	Lake Madelineburgh	Senegal	+1-134-348-0265x9132	-5361	briangriffin@chang.org	13-08-2021	https://www.roberts.com/
7	3e1187fCcebC8d2	Mathew	Hoffman	"Bender, Pittman and Kidd"	West Ralph	Uzbekistan	842.380.1168	(178)178-5447x32603	bauergerald@morrison.com	09-04-2020	http://www.holt.com/
8	47C5cEE243c9A7b	Glenn	Wiggins	Glenn-Harvey	Ambershire	Falkland Islands (Malvinas)	245-207-5608x563	8806867785	changkellie@howell.com	02-04-2021	http://carlson.com/
9	cacaD68a5e4BF4b	Bruce	Payne	"Arroyo, Cain and Hudson"	Barrettview	Zimbabwe	391.313.4649x42910	166.227.5055	mayerjerome@hurst-graham.net	26-11-2020	https://www.glenn-snow.com/
10	436b9c41cfb1fa3	Brendan	Franco	"Schaefer, Blair and Shaffer"	New Rickey	Ukraine	001-315-224-3556	254-621-7128x7573	kentryan@stone-oneill.com	29-06-2021	http://ruiz.com/
11	9653ca648e2E414	Martin	Hawkins	Lopez Inc	Lake Bobton	Mauritania	001-402-567-1320	732-908-7945	danielbuckley@hatfield.info	02-05-2021	https://www.newman.com/
12	e586A2D67bcdB48	Sara	Shaffer	"Dudley, Coleman and Green"	Orrland	Gambia	4229986278	001-028-824-7381x56737	gabrielaleach@rose.net	07-04-2021	https://www.hoffman-rubio.com/
13	c388ECa44FFe37c	Dave	Moran	Harrell-Donovan	South Elizabeth	Sweden	575.006.7250x9748	262-029-1096	cartermallory@chung.com	28-02-2020	https://hinton.info/
14	f8dddbf9CD6FF92	Glen	Hammond	"Schaefer, Chung and Lin"	Pamelatown	Netherlands	001-887-543-3745x055	001-955-888-1987x09071	lweeks@hooper.org	03-03-2022	https://bush-huynh.org/
15	86Df56BFCc0a7CA	Catherine	Blackwell	"Mack, Garcia and Schaefer"	Lake Seth	Dominican Republic	001-915-961-8896x5744	(310)185-3032x0974	calhounalisha@hardin.net	30-03-2021	https://barker-bishop.info/
16	2cfDE68A372cC7A	Larry	Newton	Downs PLC	Mannstad	Belize	(216)514-1412	001-449-365-5864x147	ypayne@gaines.biz	09-08-2020	https://figueroa.com/
17	14CBc0BDfbE6FEA	Danny	Archer	"Castro, Haney and Hanna"	East Diamond	Cook Islands	8416559700	001-212-234-3412x91164	nwu@brady-chen.com	21-05-2021	http://www.callahan.net/
18	48b3ACBfD6A5cdC	Kim	Griffin	Tyler-Levine	New Gwendolyn	Saint Kitts and Nevis	597.367.9499x5429	506.141.4174x6326	harold11@mullen.org	02-06-2021	http://www.mclaughlin-hubbard.net/
19	dB52fA7Bec665C1	Kristin	Valencia	Liu-Douglas	Martinezstad	French Southern Territories	443-671-1725x7073	6244311825	andrewsanders@marks.com	17-04-2021	http://www.myers.com/
20	e99DcfDaDac8a06	Hannah	Ramsey	Hicks-Duran	Port Adrianport	Singapore	(822)795-8754x29384	(769)638-7026x967	amy99@booker.com	30-12-2020	http://www.larsen-floyd.biz/
21	28D7BcC82d076F2	Barry	Meadows	"Weiss, King and Morrison"	Wallston	Congo	629.168.7457	001-092-440-6540	basschristian@faulkner.com	01-01-2020	https://chavez.com/
22	Beb0D2e4BA54a51	Roy	Brock	Becker-Woodard	Port Martha	Zimbabwe	001-102-869-0189x1414	303.040.0780x2768	ldelacruz@spence.com	27-06-2021	https://www.norman.org/
23	EFe791B6Ce06A1A	Patricia	Pope	Zavala-Garcia	East Johnnystad	Tonga	775.341.8738x21724	(786)324-4817x9051	hayleyritter@price.net	19-05-2020	http://www.moyer.com/
24	Ebe45ac4Ae5e20C	Alan	Stanton	Munoz and Sons	Lake Isaiahview	Costa Rica	(510)542-0174x853	995.008.2375x973	yhebert@hays-rivera.com	23-01-2020	http://young.com/
25	E31a9699DF2A0eF	Philip	Flynn	Morton Ltd	West Guy	Oman	881-632-0721x11032	(881)992-9151x74921	austinhobbs@briggs.com	05-09-2020	http://huerta-cordova.info/
